,,,,,,,,,,,
Free Android VPN Security Risks: 100 Apps Tested,,,,,,,,,,,
Author: Simon Migliano,,,,,,,,,,,
"Free Android VPN Security Risks
",,,,,,,,,,,
Top10VPN.com,,,,,,,,,,,
,,,,,,,,,,,
App Id,App Name,ID,Installs,App Rating,Developer Name,Developer Address,Developer Email,Release Date,App Version Tested,Play Store Listing URL,Archive URL
com.fast.free.unblock.secure.vpn,Secure VPN－Safer Internet,1,"166,114,844",4.74,Signal Lab,"1000 Fremont Ave #1, Alhambra, CA 91803 US",secure-vpn@free-signal.com,"Mar 16, 2018",4.2.1,https://play.google.com/store/apps/details?id=com.fast.free.unblock.secure.vpn&hl=en&gl=us,https://web.archive.org/web/20240124112133/https://play.google.com/store/apps/details?id=com.fast.free.unblock.secure.vpn&hl=en&gl=us
free.vpn.unblock.proxy.turbovpn,Turbo VPN - Secure VPN Proxy,2,"335,180,287",4.69,Innovative Connecting,8 MARINA VIEW #42-099 ASIA SQUARE TOWER 1 SINGAPORE 018960,turbovpn@inconnecting.com,"Jun 21, 2016",4.0.4,https://play.google.com/store/apps/details?id=free.vpn.unblock.proxy.turbovpn&hl=en&gl=us,https://web.archive.org/web/20240124112021/https://play.google.com/store/apps/details?id=free.vpn.unblock.proxy.turbovpn&hl=en&gl=us
com.fast.free.unblock.thunder.vpn,"Thunder VPN - Fast, Safe VPN",3,"91,602,375",4.79,Signal Lab,"1000 Fremont Ave #1, Alhambra, CA 91803 US",thunder-vpn@free-signal.com,"Nov 3, 2017",5.2.1,https://play.google.com/store/apps/details?id=com.fast.free.unblock.thunder.vpn&hl=en&gl=us,https://web.archive.org/web/20240124112021/https://play.google.com/store/apps/details?id=com.fast.free.unblock.thunder.vpn&hl=en&gl=us
com.satoshi.vpns,VPN Satoshi,4,"328,059",4.15,VPN SATOSHI,,info@vpnsatoshi.com,"Jul 1, 2023",2.2.92,https://play.google.com/store/apps/details?id=com.satoshi.vpns&hl=en&gl=us,https://web.archive.org/web/20240124113318/https://play.google.com/store/apps/details?id=com.satoshi.vpns&hl=en&gl=us
com.free.vpn.super.hotspot.open,VPN - Super Unlimited Proxy,5,"92,754,286",4.59,VPN Super Inc,"541 Jefferson Ave, Ste. 100, Redwood City, CA 94063",contact@mobilejump.info,"Apr 5, 2020",1.32.4,https://play.google.com/store/apps/details?id=com.free.vpn.super.hotspot.open&hl=en&gl=us,https://web.archive.org/web/20240124112134/https://play.google.com/store/apps/details?id=com.free.vpn.super.hotspot.open&hl=en&gl=us
com.security.xvpn.z35kb,X-VPN - Private Browser VPN,6,"49,468,998",4.27,Free Connected Limited.,"ROOM 1003, 10/F, TOWER 1 LIPPO CENTRE, 89 QUEENSWAY, ADMIRALTY HK",support@xvpn.io,"Jun 29, 2017",198,https://play.google.com/store/apps/details?id=com.security.xvpn.z35kb&hl=en&gl=us,https://web.archive.org/web/20240124112129/https://play.google.com/store/apps/details?id=com.security.xvpn.z35kb&hl=en&gl=us
com.sticktoit,Wang VPN - Fast Secure VPN,7,"4,235,397",4.70,老王,wangvpn666@gmail.com,wangvpn666@gmail.com,"Jul 24, 2020",2.2.28,https://play.google.com/store/apps/details?id=com.sticktoit&hl=en&gl=us,https://web.archive.org/web/20240312151331/https://play.google.com/store/apps/details?id=com.sticktoit&hl=en&gl=us
com.urbanvpn.android,Urban VPN proxy Unblocker,8,"5,287,940",4.57,Urban VPN,,developer@urban-vpn.com,"Jun 20, 2019",1.0.80,https://play.google.com/store/apps/details?id=com.urbanvpn.android&hl=en&gl=us,https://web.archive.org/web/20240124113309/https://play.google.com/store/apps/details?id=com.urbanvpn.android&hl=en&gl=us
free.vpn.unblock.proxy.vpn.master.pro,VPN Proxy Master - Safer Vpn,9,"83,988,766",4.74,LEMON CLOVE PTE. LIMITED,18 ROBINSON ROAD #15-01 SINGAPORE 048547,vpnproxymaster@lemonclove.net,"Oct 10, 2017",2.4.6.1,https://play.google.com/store/apps/details?id=free.vpn.unblock.proxy.vpn.master.pro&hl=en&gl=us,https://web.archive.org/web/20240124112124/https://play.google.com/store/apps/details?id=free.vpn.unblock.proxy.vpn.master.pro&hl=en&gl=us
com.kms.free,Kaspersky: VPN & Antivirus,10,"117,747,293",4.69,Kaspersky ME,"Arenco Tower Dubai Internet City Office 2201, 22nd floor - Dubai - United Arab Emirates",kisasupport@kaspersky.com,"Dec 11, 2011",,https://play.google.com/store/apps/details?id=com.kms.free&hl=en&gl=us,https://web.archive.org/web/20240124112021/https://play.google.com/store/apps/details?id=com.kms.free&hl=en&gl=us
ch.protonvpn.android,Proton VPN: Fast & Secure VPN,11,"24,551,322",4.51,Proton AG,"Route de la Galaise 32
1228 Plan-les-Ouates
Geneva, Switzerland",support@protonvpn.zendesk.com,"Dec 30, 2019",4.9.40.0,https://play.google.com/store/apps/details?id=ch.protonvpn.android&hl=en&gl=us,https://web.archive.org/web/20240124112021/https://play.google.com/store/apps/details?id=ch.protonvpn.android&hl=en&gl=us
com.windscribe.vpn,Windscribe VPN,12,"23,216,305",4.09,Windscribe,"9251 Yonge St #8901, Richmond Hill, ON, L4C 9T3, Canada",support@windscribe.com,"Nov 3, 2017",3.75.1297,https://play.google.com/store/apps/details?id=com.windscribe.vpn&hl=en&gl=us,https://web.archive.org/web/20240124112123/https://play.google.com/store/apps/details?id=com.windscribe.vpn&hl=en&gl=us
com.tunnelbear.android,TunnelBear VPN,13,"30,820,926",4.26,"TunnelBear, LLC","310 Spadina Ave
Suite 200
Toronto, ON
M5T 2E7",support@tunnelbear.com,"Oct 3, 2012",4.1.9,https://play.google.com/store/apps/details?id=com.tunnelbear.android&hl=en&gl=us,https://web.archive.org/web/20240124112212/https://play.google.com/store/apps/details?id=com.tunnelbear.android&hl=en&gl=us
com.psiphon3.subscription,Psiphon Pro,14,"141,067,800",4.33,Psiphon Inc.,Canada,psiphon-pro@psiphon.ca,"Nov 2, 2015",391,https://play.google.com/store/apps/details?id=com.psiphon3.subscription&hl=en&gl=us,https://web.archive.org/web/20240124112109/https://play.google.com/store/apps/details?id=com.psiphon3.subscription&hl=en&gl=us
com.overdreams.odvpn,OD VPN - Fast & Stable Server,15,"1,165,733",4.23,OverDreams,,glorypeople215@gmail.com,"Jan 8, 2021",3.8.7,https://play.google.com/store/apps/details?id=com.overdreams.odvpn&hl=en&gl=us,https://web.archive.org/web/20240213011905/http://web.archive.org/screenshot/https://play.google.com/store/apps/details?id=com.overdreams.odvpn&hl=en&gl=us
com.freevpnplanet,Free VPN Proxy by Planet VPN,16,"13,218,340",4.62,Free VPN Planet,"Sectorul 2, Bulevardul Dimitrie Pompeiu 5-7, București 020335, Romania",support@freevpnplanet.com,"May 19, 2022",5.2.9,https://play.google.com/store/apps/details?id=com.freevpnplanet&hl=en&gl=us,https://web.archive.org/web/20240124112109/https://play.google.com/store/apps/details?id=com.freevpnplanet&hl=en&gl=us
com.supervpn.vpn.free.proxy,VPN Proxy Speed - Super VPN,17,"38,176,052",4.70,VPN SUPER LAB,"shellapps.dev@gmail.com
1 Yisun Industrial Street 1
A'Posh Bizhub",shellapps.dev@gmail.com,"Aug 29, 2019",3.1.6,https://play.google.com/store/apps/details?id=com.supervpn.vpn.free.proxy&hl=en&gl=us,https://web.archive.org/web/20240124113335/https://play.google.com/store/apps/details?id=com.supervpn.vpn.free.proxy&hl=en&gl=us
com.atlasvpn.free.android.proxy.secure,Atlas VPN: secure & fast VPN,18,"8,547,626",4.25,Atlas VPN,"16192 Coastal Highway
Lewes, DE
19958",support@atlasvpn.com,"Jan 9, 2020",4.7.1,https://play.google.com/store/apps/details?id=com.atlasvpn.free.android.proxy.secure&hl=en&gl=us,https://web.archive.org/web/20240124112144/https://play.google.com/store/apps/details?id=com.atlasvpn.free.android.proxy.secure&hl=en&gl=us
com.starnest.vpnandroid,VPN - Fast Secure Proxy,19,"1,049,962",4.01,Calendar Digital Planner,,ngocttbstarnest@gmail.com,"Jun 2, 2023",70,https://play.google.com/store/apps/details?id=com.starnest.vpnandroid&hl=en&gl=us,https://web.archive.org/web/20240124113253/https://play.google.com/store/apps/details?id=com.starnest.vpnandroid&hl=en&gl=us
com.adguard.vpn,AdGuard VPN — private proxy,20,"6,416,712",4.23,AdGuard Software Limited,"Office 1, 3rd floor Panayides Building, Chrysanthou Mylona St., 3030, Limassol, Cyprus",support@adguard-vpn.com,"Nov 12, 2020",2.7.8,https://play.google.com/store/apps/details?id=com.adguard.vpn&hl=en&gl=us,https://web.archive.org/web/20240124112216/https://play.google.com/store/apps/details?id=com.adguard.vpn&hl=en&gl=us
com.ambrose.overwall,"GoFly VPN,V2ray,Trojan,sock5",21,"1,122,881",4.68,TracySteven,暂无,sale@goflyvpn.xyz,"Dec 12, 2019",4.5.1,https://play.google.com/store/apps/details?id=com.ambrose.overwall&hl=en&gl=us,https://web.archive.org/web/20240213012235/http://web.archive.org/screenshot/https://play.google.com/store/apps/details?id=com.ambrose.overwall&hl=en&gl=us
org.sanctuary.superconnect,Star VPN ,22,"3,437,817",4.25,VPN & Proxy Master,,tomcat2020.ai@gmail.com,"Oct 14, 2020",2.99,https://play.google.com/store/apps/details?id=org.sanctuary.superconnect&hl=en&gl=us,https://web.archive.org/web/20240218223730/https://play.google.com/store/apps/details?id=org.sanctuary.superconnect&hl=en&gl=us
io.privado.android,PrivadoVPN: Secure VPN & Proxy,23,"1,182,809",3.66,Privado Networks,"Landis + Gyr-Strasse 1
Zug, ZUG 6300
Switzerland",support@privadovpn.com,"Sep 24, 2020",3.15.805019689,https://play.google.com/store/apps/details?id=io.privado.android&hl=en&gl=us,https://web.archive.org/web/20240124112223/https://play.google.com/store/apps/details?id=io.privado.android&hl=en&gl=us
com.beanstudiohq.vpn,VPN Pro - Fast & Secure VPN,24,"1,937,333",4.09,Bean Studio HQ,,contact@beanstudiohq.com,"Feb 27, 2023",1.2.1,https://play.google.com/store/apps/details?id=com.beanstudiohq.vpn&hl=en&gl=us,https://web.archive.org/web/20240312152245/https://play.google.com/store/apps/details?id=com.beanstudiohq.vpn&hl=en&gl=us
com.browsec.vpn,Browsec: Fast Secure VPN Proxy,25,"7,376,818",4.40,Browsec,,support+android@browsec.com,"Jun 15, 2017",5.96,https://play.google.com/store/apps/details?id=com.browsec.vpn&hl=en&gl=us,https://web.archive.org/web/20240124112222/https://play.google.com/store/apps/details?id=com.browsec.vpn&hl=en&gl=us
com.privates.secure.fast.browser,Private VPN - Proxy Browser,26,"1,498,488",4.39,AI Chat Bot Lab,"ROOM A1, 11/F WINNER BUILDING, 36 MAN YUE STREET, HUNG HOM, KL, Hong Kong, 999077",freecalldev@gmail.com,"Aug 2, 2022",1.9.9,https://play.google.com/store/apps/details?id=com.privates.secure.fast.browser&hl=en&gl=us,https://web.archive.org/web/20240213012719/http://web.archive.org/screenshot/https://play.google.com/store/apps/details?id=com.privates.secure.fast.browser&hl=en&gl=us
hideme.android.vpn,hide.me VPN: The Privacy Guard,27,"3,052,494",4.33,eVenture Ltd,"Unit 12F(1), Main Office Tower Financial Park Labuan, Jalan Merdeka, 87000 Labuan, F.T. Labuan, Malaysia",support@hide.me,"May 7, 2015",4.1.1,https://play.google.com/store/apps/details?id=hideme.android.vpn&hl=en&gl=us,https://web.archive.org/web/20240124112329/https://play.google.com/store/apps/details?id=hideme.android.vpn&hl=en&gl=us
com.beepassvpn.free.vpn.secure,BeePass VPN: Easy & Secure,28,"2,737,852",3.74,BeePass VPN Team,,support@beepassvpn.com,"Sep 30, 2020",1.6.0,https://play.google.com/store/apps/details?id=com.beepassvpn.free.vpn.secure&hl=en&gl=us,https://web.archive.org/web/20240124112353/https://play.google.com/store/apps/details?id=com.beepassvpn.free.vpn.secure&hl=en&gl=us
com.speedify.speedifyandroid,Speedify,29,"12,533,788",3.74,Connectify Inc.,"601 Spring Garden
3rd Floor
Philadelphia, PA 19123",support@speedify.com,"Jan 4, 2016",14.4.0.12657,https://play.google.com/store/apps/details?id=com.speedify.speedifyandroid&hl=en&gl=us,https://web.archive.org/web/20240124112436/https://play.google.com/store/apps/details?id=com.speedify.speedifyandroid&hl=en&gl=us
com.tenta.android,Tenta Private VPN Browser,30,"3,052,129",3.80,AVG Labs,"Avast Software s.r.o.
Enterprise Office Center,
Pikrtova 1737/1A,
Prague 140 00
Czech Republic",support@tenta.com,"Oct 4, 2016",7.3.0-p2,https://play.google.com/store/apps/details?id=com.tenta.android&hl=en&gl=us,https://web.archive.org/web/20240124112837/https://play.google.com/store/apps/details?id=com.tenta.android&hl=en&gl=us
com.jrzheng.supervpnfree,SuperVPN Fast VPN Client,31,"250,838,211",4.51,SuperSoftTech,"15 Lower Kent Ridge Rd, Singapore 119077",goanalyticsapp@gmail.com,"Mar 18, 2014",2.8.7,https://play.google.com/store/apps/details?id=com.jrzheng.supervpnfree&hl=en&gl=us,https://web.archive.org/web/20240124112839/https://play.google.com/store/apps/details?id=com.jrzheng.supervpnfree&hl=en&gl=us
con.hotspot.vpn.free.master,Free VPN Super™ -Fast & Secure,32,"45,260,646",4.57,VPN SUPER LAB,"shellapps.dev@gmail.com
1 Yisun Industrial Street 1
A'Posh Bizhub",shellapps.dev@gmail.com,"Jul 7, 2020",2.3.2.3,https://play.google.com/store/apps/details?id=con.hotspot.vpn.free.master&hl=en&gl=us,https://web.archive.org/web/20240124112311/https://play.google.com/store/apps/details?id=con.hotspot.vpn.free.master&hl=en&gl=us
com.vpn.free.hotspot.secure.vpnify,vpnify - Unlimited VPN Proxy,33,"41,568,755",4.42,VPNIFY,"Unit D, 16/F, One Capital Place
18 Luard Road, Wan Chai
Hong Kong",vpnify.app@gmail.com,"Feb 9, 2019",2.1.6,https://play.google.com/store/apps/details?id=com.vpn.free.hotspot.secure.vpnify&hl=en&gl=us,https://web.archive.org/web/20240124112413/https://play.google.com/store/apps/details?id=com.vpn.free.hotspot.secure.vpnify&hl=en&gl=us
org.getlantern.lantern,Lantern VPN - Safe & Fast VPN,34,"25,309,176",4.15,Team Lantern,"440 N Barranca Ave #7974
Covina, CA 91723",support@getlantern.org,"Feb 26, 2016",7.7.1 (20240107.153958),https://play.google.com/store/apps/details?id=org.getlantern.lantern&hl=en&gl=us,https://web.archive.org/web/20240124112405/https://play.google.com/store/apps/details?id=org.getlantern.lantern&hl=en&gl=us
com.potatovpn.free.proxy.wifi,VPN PotatoVPN - WiFi Proxy,35,"6,308,502",4.41,FastPotato pte.ltd.,10 ANSON ROAD #13-09 INTERNATIONAL PLAZA SINGAPORE,support@potatovpn.io,"Jul 4, 2019",57,https://play.google.com/store/apps/details?id=com.potatovpn.free.proxy.wifi&hl=en&gl=us,https://web.archive.org/web/20240124113424/https://play.google.com/store/apps/details?id=com.potatovpn.free.proxy.wifi&hl=en&gl=us
free.vpn.unblock.proxy.turbovpn.lite,Turbo VPN Lite - VPN Proxy,36,"68,432,771",4.79,Innovative Connecting,8 MARINA VIEW #42-099 ASIA SQUARE TOWER 1 SINGAPORE 018960,turbovpn@inconnecting.com,"Mar 18, 2020",1.3.0,https://play.google.com/store/apps/details?id=free.vpn.unblock.proxy.turbovpn.lite&hl=en&gl=us,https://web.archive.org/web/20240213011803/http://web.archive.org/screenshot/https://play.google.com/store/apps/details?id=free.vpn.unblock.proxy.turbovpn.lite&hl=en&gl=us
com.evozi.injector,HTTP Injector (SSH/UDP/DNS)VPN,37,"34,100,819",4.49,Evozi,Evozi PLT,support@evozi.com,"Jul 5, 2015",6.0.0,https://play.google.com/store/apps/details?id=com.evozi.injector&hl=en&gl=us,https://web.archive.org/web/20240213005709/http://web.archive.org/screenshot/https://play.google.com/store/apps/details?id=com.evozi.injector&hl=en&gl=us
octohide.vpn,Octohide VPN,38,"3,061,524",3.98,Octohide,,manager@octohide.com,"Sep 1, 2022",v2.140,https://play.google.com/store/apps/details?id=octohide.vpn&hl=en&gl=us,https://web.archive.org/web/20240124112327/https://play.google.com/store/apps/details?id=octohide.vpn&hl=en&gl=us
com.albvertising.gamersvpn,BeastVPN: Secure and Fast VPN,39,"2,570,896",3.74,BeastVPN,"Unit 38, B/M Floor, 368 - 374, Lockhart Road, Wanchai, Hong Kong",beastvpn@leftclick.io,"Sep 13, 2020",8.0.51,https://play.google.com/store/apps/details?id=com.albvertising.gamersvpn&hl=en&gl=us,https://web.archive.org/web/20240124113320/https://play.google.com/store/apps/details?id=com.albvertising.gamersvpn&hl=en&gl=us
org.freevpn,Free VPN by Free VPN .org™,40,"8,057,131",4.00,Free VPN LLC,"1070 Gray Fox Circle
Pleasanton, CA 94566",support@freevpn.org,"Jan 15, 2016",3.993,https://play.google.com/store/apps/details?id=org.freevpn&hl=en&gl=us,https://web.archive.org/web/20240124113435/https://play.google.com/store/apps/details?id=org.freevpn&hl=en&gl=us
com.ironmeta.security.turbo.proxy.vpntomato.pro,Tomato VPN | VPN Proxy,41,"96,673,319",4.56,IronMeta Studio,"35 Selegie Road #09-16
Parklane Shopping Mall
Singapore 188307",vpntomato.support@ironmeta.com,"Aug 21, 2019",2.88.18,https://play.google.com/store/apps/details?id=com.ironmeta.security.turbo.proxy.vpntomato.pro&hl=en&gl=us,https://web.archive.org/web/20240213005845/http://web.archive.org/screenshot/https://play.google.com/store/apps/details?id=com.ironmeta.security.turbo.proxy.vpntomato.pro&hl=en&gl=us
com.freevpnintouch,Betternet VPN: Unlimited Proxy,42,"77,901,082",4.25,"Betternet, LLC",,support@betternet.co,"Jul 11, 2014",7.9.0,https://play.google.com/store/apps/details?id=com.freevpnintouch&hl=en&gl=us,https://web.archive.org/web/20240124112410/https://play.google.com/store/apps/details?id=com.freevpnintouch&hl=en&gl=us
com.pawxy.browser,Pawxy - Fast VPN & Web Browser,43,"1,133,303",4.47,Pawxy Inc.,"1007 North Orange St., Wilmington, Delaware, USA.",support@pawxy.com,"Feb 14, 2023",1.8.3,https://play.google.com/store/apps/details?id=com.pawxy.browser&hl=en&gl=us,https://web.archive.org/web/20240124112526/https://play.google.com/store/apps/details?id=com.pawxy.browser&hl=en&gl=us
com.speedy.vpn,Speedy Quark VPN - VPN Master,44,"43,542,774",4.45,VPN - Fast Master Proxy Inc.,,kbhjdsbhaiheu7744@gmail.com,"Dec 29, 2019",2.0.3,https://play.google.com/store/apps/details?id=com.speedy.vpn&hl=en&gl=us,https://web.archive.org/web/20240213012744/http://web.archive.org/screenshot/https://play.google.com/store/apps/details?id=com.speedy.vpn&hl=en&gl=us
org.torproject.android,Orbot: Tor for Android,45,"39,892,121",4.11,The Tor Project,,support@guardianproject.info,"Aug 13, 2010",16.6.3-RC-1-tor.0.4.7.10,https://play.google.com/store/apps/details?id=org.torproject.android&hl=en&gl=us,https://web.archive.org/web/20240124112604/https://play.google.com/store/apps/details?id=org.torproject.android&hl=en&gl=us
com.freevpn.unblock.proxy,VPN - VPN Proxy Master,46,"31,658,832",3.96,Fast VPN Proxy Network,"30 Cecil Street #19-08
Prudential Tower, Singapore 049712",contact@mobilejump.info,"Jun 10, 2017",3.0.2,https://play.google.com/store/apps/details?id=com.freevpn.unblock.proxy&hl=en,https://web.archive.org/web/20240312163732/https://play.google.com/store/apps/details?id=free.vpn.unblock.proxy.vpn.master.pro&hl=en_US
us.ultrasurf.mobile.ultrasurf,Ultrasurf VPN - Fast Unlimited,47,"23,451,137",4.68,Ultrareach,,info8@ultrasurf.us,"Aug 21, 2016",3.0.6,https://play.google.com/store/apps/details?id=us.ultrasurf.mobile.ultrasurf&hl=en&gl=us,https://web.archive.org/web/20240213005551/http://web.archive.org/screenshot/https://play.google.com/store/apps/details?id=us.ultrasurf.mobile.ultrasurf&hl=en&gl=us
com.vpn.powervpn2,Power VPN : Fast & Secure VPN,48,"19,661,561",4.28,"PowerVPN - Fast, Unlimited & Secure VPN","PowerVPN, U.P., India",appbuliders2019@gmail.com,"Aug 14, 2019",2.1,https://play.google.com/store/apps/details?id=com.vpn.powervpn2&hl=en&gl=us,https://web.archive.org/web/20240312164107/https://play.google.com/store/apps/details?id=com.vpn.powervpn2&hl=en_US
com.tlsvpn.tlstunnel,TLS Tunnel - Unlimited VPN,49,"18,340,549",4.15,TLSVPN,,tlsvpndev@gmail.com,"Dec 12, 2018",5.0.9,https://play.google.com/store/apps/details?id=com.tlsvpn.tlstunnel&hl=en&gl=us,https://web.archive.org/web/20240312164525/https://play.google.com/store/apps/details?id=com.tlsvpn.tlstunnel&hl=en_US
com.bitdefender.vpn,Bitdefender VPN: Fast & Secure,50,"2,558,137",4.53,Bitdefender,"Bitdefender SRL

15A Orhideelor St.
Orhideea Towers, district 6
Bucharest, 060071, Romania",vpnfeedback@bitdefender.com,"Jul 2, 2020",2.0.1.122,https://play.google.com/store/apps/details?id=com.bitdefender.vpn&hl=en&gl=us,https://web.archive.org/web/20240124112634/https://play.google.com/store/apps/details?id=com.bitdefender.vpn&hl=en&gl=us
free.vpn.unblock.proxy.vpnmonster,VPN Monster - Secure VPN Proxy,51,"15,833,040",4.62,Innovative Connecting,8 MARINA VIEW #42-099 ASIA SQUARE TOWER 1 SINGAPORE 018960,vpnmonster@inconnecting.com,"Jun 16, 2017",2.0.2.3,https://play.google.com/store/apps/details?id=free.vpn.unblock.proxy.vpnmonster&hl=en&gl=us,https://web.archive.org/web/20240213005732/http://web.archive.org/screenshot/https://play.google.com/store/apps/details?id=free.vpn.unblock.proxy.vpnmonster&hl=en&gl=us
com.fsecure.freedome.vpn.security.privacy.android,F-Secure FREEDOME VPN,52,"7,172,639",4.22,F-Secure Corporation,"Tammasaarenkatu 7
PL 24
00181 Helsinki
Finland",playstore@f-secure.com,"Dec 20, 2013",2.8.3.9666,https://play.google.com/store/apps/details?id=com.fsecure.freedome.vpn.security.privacy.android&hl=en&gl=us,https://web.archive.org/web/20240124112539/https://play.google.com/store/apps/details?id=com.fsecure.freedome.vpn.security.privacy.android&hl=en&gl=us
io.wifimap.wifimap,"WiFi Map®: Internet, eSIM, VPN",53,"116,492,830",4.47,WiFi Map LLC,"1201 N Orange St, 600
Wilmington, DE 19801",support@wifimap.io,"Jul 25, 2014",7.3.1,https://play.google.com/store/apps/details?id=io.wifimap.wifimap&hl=en&gl=us,https://web.archive.org/web/20240124112735/https://play.google.com/store/apps/details?id=io.wifimap.wifimap&hl=en&gl=us
com.gaston.greennet,GreenNet: Hotspot VPN Proxy,54,"14,997,918",4.30,Anonymith,"Harju maakond, Tallinn, Kesklinna linnaosa,
10151, Eesti",info@greennetapp.com,"Jun 26, 2019",1.6.61,https://play.google.com/store/apps/details?id=com.gaston.greennet&hl=en&gl=us,https://web.archive.org/web/20240312164858/https://play.google.com/store/apps/details?id=com.gaston.greennet&hl=en_US
com.zoogvpn.android,Zoog VPN - Secure VPN Proxy,55,"597,520",4.31,Zoog Services IKE,"м. Київ, вул. Юрія Литвинського 45B",developer@zoogvpn.com,"Nov 19, 2016",3.4.5,https://play.google.com/store/apps/details?id=com.zoogvpn.android&hl=en&gl=us,https://web.archive.org/web/20240124112617/https://play.google.com/store/apps/details?id=com.zoogvpn.android&hl=en&gl=us
com.macpaw.clearvpn.android,ClearVPN - Fast & Secure VPN,56,"483,562",4.04,MacPaw Inc.,"601 Montgomery Street, Suite 1400, San Francisco, CA 94111",android@macpaw.space,"Nov 13, 2020",2.5.0,https://play.google.com/store/apps/details?id=com.macpaw.clearvpn.android&hl=en&gl=us,https://web.archive.org/web/20240124112639/https://play.google.com/store/apps/details?id=com.macpaw.clearvpn.android&hl=en&gl=us
free.vpn.unblock.proxy.freenetvpn,Signal Secure VPN - Robot VPN,57,"13,067,928",4.64,AUTUMN BREEZE PTE. LIMITED,8 MARINA VIEW #42-099 ASIA SQUARE TOWER 1 SINGAPORE 018960,signalsecure@autumnbreeze.co,"Apr 22, 2017",2.5.0,https://play.google.com/store/apps/details?id=free.vpn.unblock.proxy.freenetvpn&hl=en&gl=us,https://web.archive.org/web/20240213012346/http://web.archive.org/screenshot/https://play.google.com/store/apps/details?id=free.vpn.unblock.proxy.freenetvpn&hl=en&gl=us
com.bgpworks.vpn,Veilduck VPN,58,"8,901,152",4.11,BGPworks,"7, Yeonmujang 5ga-gil #E1005, Seongdong-gu, Seoul, Republic of Korea",support+veilduck@bgpworks.com,"Aug 21, 2018",1.4.9,https://play.google.com/store/apps/details?id=com.bgpworks.vpn&hl=en&gl=us,https://web.archive.org/web/20240213021115/http://web.archive.org/screenshot/https://play.google.com/store/apps/details?id=com.bgpworks.vpn&hl=en&gl=us
com.unlimited.unblock.free.accelerator.top,iTop Vpn,59,"7,026,615",3.69,techway,,techway2022.pte@gmail.com,"Dec 15, 2022",1.23.10.10,https://play.google.com/store/apps/details?id=com.unlimited.unblock.free.accelerator.top&hl=en&gl=us,https://web.archive.org/web/20240312165146/https://play.google.com/store/apps/details?id=com.unlimited.unblock.free.accelerator.top&hl=en_US
com.master.unblockweb,Unblock Websites — VPN Proxy,60,"5,984,907",3.93,"VEEPN, Corp.","50th and 59th Str., Nuevo Reparto
Paitilla, Duplex 8E
Panamá 0801
Panama",support@unblockwebsites.org,"Aug 17, 2017",1.5.5,https://play.google.com/store/apps/details?id=com.master.unblockweb&hl=en&gl=us,https://web.archive.org/web/20240312165311/https://play.google.com/store/apps/details?id=com.master.unblockweb&hl=en_US
openvpn.vpn,ًVPN: Private and Secure VPN,61,"4,247,196",4.17,VPN LLC (open-vpn.org),"1070 Gray Fox Circle
Pleasanton, CA 94566",openvpnorg@gmail.com,"Jun 1, 2019",3.987,https://play.google.com/store/apps/details?id=openvpn.vpn&hl=en&gl=us,https://web.archive.org/web/20240312165555/https://play.google.com/store/apps/details?id=openvpn.vpn&hl=en_US
com.x.swift.guard.vpn,Swift VPN: Secure Connectivity,62,"4,179,498",3.92,Vee Tools Studio,,zzxy.zzcall@gmail.com,"Dec 15, 2023",1.1.7,https://play.google.com/store/apps/details?id=com.x.swift.guard.vpn&hl=en&gl=us,https://web.archive.org/web/20240312165807/https://play.google.com/store/apps/details?id=com.x.swift.guard.vpn&hl=en_US
com.free.vpn.ozzmo,Lite VPN - Secure VPN Proxy,63,"3,702,249",4.13,OZZMO,Istanbul / Turkey,info@ozzmo.com,"Mar 12, 2020",4.5.7,https://play.google.com/store/apps/details?id=com.free.vpn.ozzmo&hl=en&gl=us,https://web.archive.org/web/20240213011353/http://web.archive.org/screenshot/https://play.google.com/store/apps/details?id=com.free.vpn.ozzmo&hl=en&gl=us
free.vpn.proxy.secure,VPN - fast proxy + secure,64,"18,586,040",3.98,Stolitomson VPN,"Stolitomson company, TRG DARE PETKOVIC PD2 4 SPRAT 2, TIVAT 85320, Montenegro",stolitomsoncompany@gmail.com,"Apr 4, 2022",2.0.3,https://play.google.com/store/apps/details?id=free.vpn.proxy.secure&hl=en&gl=us,https://web.archive.org/web/20240124112726/https://play.google.com/store/apps/details?id=free.vpn.proxy.secure&hl=en&gl=us
com.appsverse.avvpn,VPN Vault - Super Proxy VPN,65,"3,038,928",4.19,"Appsverse, Inc.","Appsverse, Inc.
8605 Santa Monica Blvd
PMB 52944
West Hollywood, CA 90069-4109 US",support@appsverse.com,"Oct 1, 2018",4.22,https://play.google.com/store/apps/details?id=com.appsverse.avvpn&hl=en&gl=us,https://web.archive.org/web/20240213005522/http://web.archive.org/screenshot/https://play.google.com/store/apps/details?id=com.appsverse.avvpn&hl=en&gl=us
com.wolf.vpn,Wolf Vpn x Secure & Unlimited,66,"2,242,575",3.98,Fast Vpn Proxy Service,"Cyprus, Konia, Akropoleos 16",info@wolf-vpn.net,"Apr 17, 2019",4.0.9,https://play.google.com/store/apps/details?id=com.wolf.vpn&hl=en&gl=us,https://web.archive.org/web/20240312170211/https://play.google.com/store/apps/details?id=com.wolf.vpn&hl=en_US
vpn.ukraine_tap2free,VPN Ukraine - Get Ukrainian IP,67,"1,802,494",4.29,AltApps,"02137, Ukraine, Kyiv, PO BOX #17",support@tap2free.net,"Jan 22, 2019",1.15,https://play.google.com/store/apps/details?id=vpn.ukraine_tap2free&hl=en&gl=us,https://web.archive.org/web/20240213012443/http://web.archive.org/screenshot/https://play.google.com/store/apps/details?id=vpn.ukraine_tap2free&hl=en&gl=us
com.supervpn.supervpnunlimited.superturbo.vpnunlimited.unlimitedvpn.vpn.unlimited.pro.server.provpn.secure.turbo,Super VPN-Fast Unlimited Proxy,68,"1,420,763",4.06,MoonlightGaming,,moonlightgame2024@gmail.com,"Jul 12, 2022",15,https://play.google.com/store/apps/details?id=com.supervpn.supervpnunlimited.superturbo.vpnunlimited.unlimitedvpn.vpn.unlimited.pro.server.provpn.secure.turbo&hl=en,NO LINK
io.geph.android,Geph: free anti-blocking VPN,69,"1,317,228",4.04,Gephyra OÜ,,contact@geph.io,"Aug 20, 2018",4.11.0,https://play.google.com/store/apps/details?id=io.geph.android&hl=en&gl=us,https://web.archive.org/web/20240213005659/http://web.archive.org/screenshot/https://play.google.com/store/apps/details?id=io.geph.android&hl=en&gl=us
app.kismyo.vpn,Symlex VPN: Fast VPN,70,"859,696",4.20,Kolpolok Technologies,"60, Calendula Drive, Malabar, Port Elizabeth, P.O:6020, South Africa",support@symlexvpn.com,"Aug 8, 2019",5.0.43,https://play.google.com/store/apps/details?id=app.kismyo.vpn&hl=en&gl=us,https://web.archive.org/web/20240124112816/https://play.google.com/store/apps/details?id=app.kismyo.vpn&hl=en&gl=us
app.biubiuvpn.biubiuvpn,VPN - biubiuVPN Fast & Secure,71,"10,570,399",4.15,SOON BODYWERKZ,,support@biubiuvpn.app,"Jul 12, 2022",2.1.7,https://play.google.com/store/apps/details?id=app.biubiuvpn.biubiuvpn&hl=en&gl=us,https://web.archive.org/web/20240124112820/https://play.google.com/store/apps/details?id=app.biubiuvpn.biubiuvpn&hl=en&gl=us
com.avira.vpn,Avira Phantom VPN: Fast VPN,72,"3,456,863",4.43,AVIRA,"Avira Operations GmbH
Kaplaneiweg 1
D - 88069 Tettnang",info@avira.com,"Mar 22, 2016",3.9.6,https://play.google.com/store/apps/details?id=com.avira.vpn&hl=en&gl=us,https://web.archive.org/web/20240124112920/https://play.google.com/store/apps/details?id=com.avira.vpn&hl=en&gl=us
com.hotbotvpn,HotBot VPN™ Protect Your Data,73,"1,453,326",4.12,HotBot VPN,"Ansuya Estate Suite 9
Victoria, Mahé
Republic of Seychelles",help@hotbotvpn.com,"Jun 22, 2020",,https://play.google.com/store/apps/details?id=com.hotbotvpn&hl=en&gl=us,https://web.archive.org/web/20240124112922/https://play.google.com/store/apps/details?id=com.hotbotvpn&hl=en&gl=us
com.odelance.ya,YA VPN - Ultra Fast & No Limit,74,"1,212,738",4.19,ODELANCE SCIENTECH,,advertise@odelance.com,"May 11, 2021",3.1.1,https://play.google.com/store/apps/details?id=com.odelance.ya&hl=en&gl=us,https://web.archive.org/web/20240213010424/http://web.archive.org/screenshot/https://play.google.com/store/apps/details?id=com.odelance.ya&hl=en&gl=us
app.jumpjumpvpn.jumpjumpvpn,JumpJumpVPN- Fast & Secure VPN,75,"189,834",3.84,SOON BODYWERKZ,,support@jumpjump.io,"Sep 6, 2023",1.2.4,https://play.google.com/store/apps/details?id=app.jumpjumpvpn.jumpjumpvpn&hl=en&gl=us,https://web.archive.org/web/20240124113126/https://play.google.com/store/apps/details?id=app.jumpjumpvpn.jumpjumpvpn&hl=en&gl=us
com.brocode.uvpn,uVPN - Secure & Fast VPN Proxy,76,"568,198",4.21,Brocode Limited,"No. 5, 17/F Bonham Trade Centre,  50 Bonham Strand, Sheung Wan, Hong Kong",support@uvpn.me,"Dec 17, 2019",5.2.9,https://play.google.com/store/apps/details?id=com.brocode.uvpn&hl=en&gl=us,https://web.archive.org/web/20240124113005/https://play.google.com/store/apps/details?id=com.brocode.uvpn&hl=en&gl=us
unlimited.free.vpn.unblock.proxy.supernet.vpn,SuperNet VPN: fast VPN Proxy,77,"1,148,635",4.42,AUTUMN BREEZE PTE. LIMITED,8 MARINA VIEW #42-099 ASIA SQUARE TOWER 1 SINGAPORE 018960,supernetvpn@autumnbreeze.co,"Jun 16, 2021",1.1.8,https://play.google.com/store/apps/details?id=unlimited.free.vpn.unblock.proxy.supernet.vpn&hl=en&gl=us,https://web.archive.org/web/20240312170815/https://play.google.com/store/apps/details?id=unlimited.free.vpn.unblock.proxy.supernet.vpn&hl=en_US
com.pandavpn.androidproxy,PandaVPN Pro - Fast Secure VPN,78,"16,535,709",3.67,PandaVPN Official,"Vistra Corporate Services Centre, Suite 23, 1st Floor, Eden Plaza, Eden Island, Mahé, Republic of Seychelles",panda7x24@gmail.com,"Dec 12, 2018",6.8.4,https://play.google.com/store/apps/details?id=com.pandavpn.androidproxy&hl=en&gl=us,https://web.archive.org/web/20240124112911/https://play.google.com/store/apps/details?id=com.pandavpn.androidproxy&hl=en&gl=us
com.northghost.touchvpn,Touch VPN - Fast Hotspot Proxy,79,"45,922,921",4.27,"VPN Proxy Pro, LLC",,support@northghost.com,"Aug 17, 2014",2.3.0,https://play.google.com/store/apps/details?id=com.northghost.touchvpn&hl=en&gl=us,https://web.archive.org/web/20240124112923/https://play.google.com/store/apps/details?id=com.northghost.touchvpn&hl=en&gl=us
com.swoshsvpn.vpn,SwoshsVPN: Fast & Secure VPN,80,"2,063,885",3.97,ioTegrity Technology Inc.,,support@swoshsvpn.com,"Dec 29, 2021",1.0.66,https://play.google.com/store/apps/details?id=com.swoshsvpn.vpn&hl=en&gl=us,https://web.archive.org/web/20240124112918/https://play.google.com/store/apps/details?id=com.swoshsvpn.vpn&hl=en&gl=us
com.distimo.phoneguardian,Phone Guardian VPN: Safe WiFi,81,"29,386,809",4.78,data.ai Basics,,support@phoneguardianapp.com,"Sep 25, 2018",3.7.1,https://play.google.com/store/apps/details?id=com.distimo.phoneguardian&hl=en&gl=us,https://web.archive.org/web/20240213005312/http://web.archive.org/screenshot/https://play.google.com/store/apps/details?id=com.distimo.phoneguardian&hl=en&gl=us
vpn.secure.tehran,فیلتر شکن قوی پرسرعت Maple VPN,82,"2,085,094",4.58,ZARISAN,,consolzar@gmail.com,"Oct 30, 2023",1.4,https://play.google.com/store/apps/details?id=vpn.secure.tehran&hl=en&gl=us,https://web.archive.org/web/20240124113006/https://play.google.com/store/apps/details?id=vpn.secure.tehran&hl=en&gl=us
free.vpn.private,VPN Private,83,"20,132,597",4.46,Master of VPN,"Suite 8B, 50 Town Range, GX11 1AA, Gibraltar",info@vpn-private.net,"Sep 30, 2019",2.0.11,https://play.google.com/store/apps/details?id=free.vpn.private&hl=en&gl=us,https://web.archive.org/web/20240313101338/https://play.google.com/store/apps/details?id=free.vpn.private&hl=en_US
com.vpn.lat,VPN.lat: Fast and secure proxy,84,"19,256,526",4.53,Privacy Apps Latam Ltd.,"House of Francis, Room 303, Ile Du Port, Mahe, Seychelles",contact@vpn.lat,"Jan 30, 2019",3.8.3.9.4,https://play.google.com/store/apps/details?id=com.vpn.lat&hl=en&gl=us,https://web.archive.org/web/20240213005927/http://web.archive.org/screenshot/https://play.google.com/store/apps/details?id=com.vpn.lat&hl=en&gl=us
cc.coolline.client.pro,Cool VPN Pro: Secure VPN Proxy,85,"16,884,921",4.55,Cool VPN Team,"51 Ayer Rajah Crescent #07-09, Singapore",foxecomp@gmail.com,"Apr 30, 2021",1.0.276,https://play.google.com/store/apps/details?id=cc.coolline.client.pro&hl=en&gl=us,https://web.archive.org/web/20240313101753/https://play.google.com/store/apps/details?id=cc.coolline.client.pro&hl=en_US
com.avg.android.secure.browser,AVG Secure Browser,86,"862,555",4.56,AVG Mobile,"Avast Software s.r.o.
Enterprise Office Center,
Pikrtova 1737/1A,
Prague 140 00
Czech Republic",mobile-support@avg.com,"Mar 23, 2020",7.5.0-p1,https://play.google.com/store/apps/details?id=com.avg.android.secure.browser&hl=en&gl=us,https://web.archive.org/web/20240124113006/https://play.google.com/store/apps/details?id=com.avg.android.secure.browser&hl=en&gl=us
com.open.hotspot.vpn.free,Ultimate VPN,87,"15,463,545",4.06,Ultimate VPN Inc,"31 Ko Shing Street, Sheung Wan, Hong Kong",freeinternnet@gmail.com,"Aug 12, 2018",1.4.3,https://play.google.com/store/apps/details?id=com.open.hotspot.vpn.free&hl=en&gl=us,https://web.archive.org/web/20240213011749/http://web.archive.org/screenshot/https://play.google.com/store/apps/details?id=com.open.hotspot.vpn.free&hl=en&gl=us
com.fvcorp.flyclient,FlyVPN - Secure & Fast VPN,88,"10,091,756",3.59,FlyVPN,"7 / F, Block B, Sha Tin Industrial Center, 5-7 Shing Yu Park, Shatin District, Hong Kong

",support@flyvpn.com,"Oct 8, 2015",6.9.0.2,https://play.google.com/store/apps/details?id=com.fvcorp.flyclient&hl=en&gl=us,https://web.archive.org/web/20240124113016/https://play.google.com/store/apps/details?id=com.fvcorp.flyclient&hl=en&gl=us
com.vpncity,VPNCity - Secure & Fast VPN,89,"269,321",3.76,VPN City,"26th Floor,
Beautiful Group Tower,
77 Connaught Road,
Central,
Hong Kong",support@vpncity.com,"Feb 1, 2019",1.2.4,https://play.google.com/store/apps/details?id=com.vpncity&hl=en&gl=us,https://web.archive.org/web/20240124113124/https://play.google.com/store/apps/details?id=com.vpncity&hl=en&gl=us
com.ivacy,Ivacy VPN - Secure Fastest VPN,90,"1,429,297",3.52,Ivacy,"PMG Pte. Ltd.

38 Beach Road #29-11
South Beach Tower
Singapore 189767

+6582374152",support@ivacy.com,"Apr 25, 2015",7.1.5,https://play.google.com/store/apps/details?id=com.ivacy&hl=en&gl=us,https://web.archive.org/web/20240124113018/https://play.google.com/store/apps/details?id=com.ivacy&hl=en&gl=us
com.notvpn,NotVPN - Unlimited VPN,91,"1,195,092",3.87,AppWizard LLC,331 E Park RD Indian Trail NC,support@notvpn.io,"Jun 12, 2022",7,https://play.google.com/store/apps/details?id=com.notvpn&hl=en&gl=us,https://web.archive.org/web/20240124113133/https://play.google.com/store/apps/details?id=com.notvpn&hl=en&gl=us
me.seed4.app.android,Seed4.Me VPN Proxy,92,"2,612,955",4.32,"S4M Tech, Inc.",,support@seed4.me,"Aug 6, 2015",2.0.37,https://play.google.com/store/apps/details?id=me.seed4.app.android&hl=en&gl=us,https://web.archive.org/web/20240124113127/https://play.google.com/store/apps/details?id=me.seed4.app.android&hl=en&gl=us
com.mousevpn.org,فیلتر شکن قوی پرسرعت Mouse VPN,93,"1,106,645",4.31,Zharfa,,playstore.eshraghi@gmail.com,"Jun 11, 2023",7.186-p,https://play.google.com/store/apps/details?id=com.mousevpn.org&hl=en&gl=us,https://web.archive.org/web/20240313104557/https://play.google.com/store/apps/details?id=com.mousevpn.org&hl=en_US
com.leaf.and.aleaf,Leaf VPN,94,"1,232,716",4.02,Kits Labs,,eric.y.corsican@gmail.com,"Jan 14, 2022",1.35,https://play.google.com/store/apps/details?id=com.leaf.and.aleaf&hl=en&gl=us,https://web.archive.org/web/20240213010305/http://web.archive.org/screenshot/https://play.google.com/store/apps/details?id=com.leaf.and.aleaf&hl=en&gl=us
com.hidemyip.hideme,"Hide My IP - Fast, Secure VPN",95,"2,254,575",4.04,Hide My IP,"7770 Regents Rd.
Suite #113-644
San Diego, CA 92122-1967
United States",staff@hide-my-ip.com,"Aug 26, 2014",0.1.98,https://play.google.com/store/apps/details?id=com.hidemyip.hideme&hl=en&gl=us,https://web.archive.org/web/20240124113222/https://play.google.com/store/apps/details?id=com.hidemyip.hideme&hl=en&gl=us
co.infinitysoft.vpn360,VPN 360 Unlimited Secure Proxy,96,"8,773,208",4.37,Pango GmbH,"AnchorFree GmbH.
Hansmatt 32
6370 Stans
Switzerland",support@vpn360.zendesk.com,"Nov 12, 2017",5.13.0,https://play.google.com/store/apps/details?id=co.infinitysoft.vpn360&hl=en&gl=us,https://web.archive.org/web/20240213005435/http://web.archive.org/screenshot/https://play.google.com/store/apps/details?id=co.infinitysoft.vpn360&hl=en&gl=us
com.shuttlevpn.free.proxy.gaming,Shuttle VPN : Secure VPN Proxy,97,"6,240,607",4.56,Shuttle VPN,Shuttle VPN,shuttlevpn2019@yahoo.com,"Jan 27, 2019",2.98,https://play.google.com/store/apps/details?id=com.shuttlevpn.free.proxy.gaming&hl=en&gl=us,https://web.archive.org/web/20240313105010/https://play.google.com/store/apps/details?id=com.shuttlevpn.free.proxy.gaming&hl=en_US
com.best.free.vpn.proxy,Ostrich VPN - Proxy Unlimited,98,"1,738,744",4.53,Geware VPN Pro,,contact@ostrichvpn.net,"Mar 15, 2023",1.16.0(213),https://play.google.com/store/apps/details?id=com.best.free.vpn.proxy&hl=en&gl=us,https://web.archive.org/web/20240124113200/https://play.google.com/store/apps/details?id=com.best.free.vpn.proxy&hl=en&gl=us
antivirus.virus.cleaner.clean.vpn.booster,Cleaner Antivirus VPN Cleaner,99,"7,839,203",4.82,Cleaner + Antivirus + VPN company,"Barjanska cesta 70
1000 Ljubljana
Slovenia",support.cleaner@orangedog.net,"Apr 27, 2023",2.2.0,https://play.google.com/store/apps/details?id=antivirus.virus.cleaner.clean.vpn.booster&hl=en&gl=us,https://web.archive.org/web/20240124113223/https://play.google.com/store/apps/details?id=antivirus.virus.cleaner.clean.vpn.booster&hl=en&gl=us
com.optimizer.booster.fast.speedy.phone.smooth,VPN - fast secure vpn proxy,100,"4,933,788",4.67,VPN SUPER LAB,"shellapps.dev@gmail.com
1 Yisun Industrial Street 1
A'Posh Bizhub",shellapps.dev@gmail.com,"May 24, 2022",2.8.7,https://play.google.com/store/apps/details?id=com.optimizer.booster.fast.speedy.phone.smooth&hl=en&gl=us,https://web.archive.org/web/20240213011554/http://web.archive.org/screenshot/https://play.google.com/store/apps/details?id=com.optimizer.booster.fast.speedy.phone.smooth&hl=en&gl=us